-- MySQL dump 10.13  Distrib 8.0.28, for Win64 (x86_64)
--
-- Host: 127.0.0.1    Database: day_10_14_db
-- ------------------------------------------------------
-- Server version	8.0.28

/*!40101 SET @OLD_CHARACTER_SET_CLIENT=@@CHARACTER_SET_CLIENT */;
/*!40101 SET @OLD_CHARACTER_SET_RESULTS=@@CHARACTER_SET_RESULTS */;
/*!40101 SET @OLD_COLLATION_CONNECTION=@@COLLATION_CONNECTION */;
/*!50503 SET NAMES utf8mb4 */;
/*!40103 SET @OLD_TIME_ZONE=@@TIME_ZONE */;
/*!40103 SET TIME_ZONE='+00:00' */;
/*!40014 SET @OLD_UNIQUE_CHECKS=@@UNIQUE_CHECKS, UNIQUE_CHECKS=0 */;
/*!40014 SET @OLD_FOREIGN_KEY_CHECKS=@@FOREIGN_KEY_CHECKS, FOREIGN_KEY_CHECKS=0 */;
/*!40101 SET @OLD_SQL_MODE=@@SQL_MODE, SQL_MODE='NO_AUTO_VALUE_ON_ZERO' */;
/*!40111 SET @OLD_SQL_NOTES=@@SQL_NOTES, SQL_NOTES=0 */;

--
-- Table structure for table `classes`
--

DROP TABLE IF EXISTS `classes`;
/*!40101 SET @saved_cs_client     = @@character_set_client */;
/*!50503 SET character_set_client = utf8mb4 */;
CREATE TABLE `classes` (
  `id` int NOT NULL,
  `name` varchar(50) DEFAULT NULL,
  PRIMARY KEY (`id`)
) ENGINE=InnoDB DEFAULT CHARSET=utf8mb4 COLLATE=utf8mb4_0900_ai_ci;
/*!40101 SET character_set_client = @saved_cs_client */;

--
-- Dumping data for table `classes`
--

LOCK TABLES `classes` WRITE;
/*!40000 ALTER TABLE `classes` DISABLE KEYS */;
INSERT INTO `classes` VALUES (1,'ITマネジメント'),(2,'アジア経済'),(3,'アメリカ経済'),(4,'イノベーション論'),(5,'エコノミック・イングリッシュ'),(6,'オートメーション'),(7,'会計学基礎'),(8,'開発経済学'),(9,'環境経済学'),(10,'監査論');
/*!40000 ALTER TABLE `classes` ENABLE KEYS */;
UNLOCK TABLES;

--
-- Table structure for table `customers`
--

DROP TABLE IF EXISTS `customers`;
/*!40101 SET @saved_cs_client     = @@character_set_client */;
/*!50503 SET character_set_client = utf8mb4 */;
CREATE TABLE `customers` (
  `id` int NOT NULL,
  `first_name` varchar(50) DEFAULT NULL,
  `last_name` varchar(50) DEFAULT NULL,
  `phone_number` char(11) DEFAULT NULL,
  `age` int DEFAULT NULL,
  PRIMARY KEY (`id`)
) ENGINE=InnoDB DEFAULT CHARSET=utf8mb4 COLLATE=utf8mb4_0900_ai_ci;
/*!40101 SET character_set_client = @saved_cs_client */;

--
-- Dumping data for table `customers`
--

LOCK TABLES `customers` WRITE;
/*!40000 ALTER TABLE `customers` DISABLE KEYS */;
INSERT INTO `customers` VALUES (1,'翼','吉田',NULL,55),(2,'修平','林','09075667973',62),(3,'浩','田中','09077329005',30),(4,'直人','井上','09032827280',51),(5,'晃','福田','09054627222',58),(6,'稔','中村','09039161008',34),(7,'直樹','高橋','09048421652',40),(8,'修平','山口','09034175683',38),(9,'智也','山崎','09055998442',44),(10,'裕美子','三浦',NULL,38),(11,'拓真','高橋','09027342758',68),(12,'美加子','伊藤','09069823736',45),(13,'拓真','佐藤','09061362948',69),(14,'晃','中村','09037844759',61),(15,'裕太','林','09071199330',68),(16,'陽子','中村','09043882421',37),(17,'明美','山本',NULL,44),(18,'幹','鈴木','09082145093',59),(19,'聡太郎','伊藤','09062079104',63),(20,'淳','林','09084838325',33);
/*!40000 ALTER TABLE `customers` ENABLE KEYS */;
UNLOCK TABLES;

--
-- Table structure for table `customers_2`
--

DROP TABLE IF EXISTS `customers_2`;
/*!40101 SET @saved_cs_client     = @@character_set_client */;
/*!50503 SET character_set_client = utf8mb4 */;
CREATE TABLE `customers_2` (
  `id` int NOT NULL,
  `first_name` varchar(50) DEFAULT NULL,
  `last_name` varchar(50) DEFAULT NULL,
  `phone_number` char(11) DEFAULT NULL,
  `age` int DEFAULT NULL,
  PRIMARY KEY (`id`)
) ENGINE=InnoDB DEFAULT CHARSET=utf8mb4 COLLATE=utf8mb4_0900_ai_ci;
/*!40101 SET character_set_client = @saved_cs_client */;

--
-- Dumping data for table `customers_2`
--

LOCK TABLES `customers_2` WRITE;
/*!40000 ALTER TABLE `customers_2` DISABLE KEYS */;
INSERT INTO `customers_2` VALUES (1,'翼','吉田',NULL,55),(2,'修平','林','09075667973',62),(3,'浩','田中','09077329005',30),(4,'直人','井上','09032827280',51),(5,'晃','福田','09054627222',58),(6,'稔','中村','09039161008',34),(7,'直樹','高橋','09048421652',40),(8,'修平','山口','09034175683',38),(9,'智也','山崎','09055998442',44),(10,'裕美子','三浦',NULL,38),(11,'拓真','高橋','09027342758',68),(12,'美加子','伊藤','09069823736',45),(13,'康弘','高橋','09042579196',50),(14,'春香','高橋','09028815166',67),(15,'桃子','前田','09056572526',39),(16,'太一','田中','09044762573',52),(17,'亮介','吉田',NULL,40),(18,'香織','田中','09086116244',61),(19,'千代','井上','09095745448',37),(20,'健一','橋本','09033839612',54);
/*!40000 ALTER TABLE `customers_2` ENABLE KEYS */;
UNLOCK TABLES;

--
-- Table structure for table `departments`
--

DROP TABLE IF EXISTS `departments`;
/*!40101 SET @saved_cs_client     = @@character_set_client */;
/*!50503 SET character_set_client = utf8mb4 */;
CREATE TABLE `departments` (
  `id` int NOT NULL,
  `name` varchar(50) DEFAULT NULL,
  PRIMARY KEY (`id`)
) ENGINE=InnoDB DEFAULT CHARSET=utf8mb4 COLLATE=utf8mb4_0900_ai_ci;
/*!40101 SET character_set_client = @saved_cs_client */;

--
-- Dumping data for table `departments`
--

LOCK TABLES `departments` WRITE;
/*!40000 ALTER TABLE `departments` DISABLE KEYS */;
INSERT INTO `departments` VALUES (1,'経営企画部'),(2,'営業部'),(3,'開発部'),(4,'総務部');
/*!40000 ALTER TABLE `departments` ENABLE KEYS */;
UNLOCK TABLES;

--
-- Table structure for table `employees`
--

DROP TABLE IF EXISTS `employees`;
/*!40101 SET @saved_cs_client     = @@character_set_client */;
/*!50503 SET character_set_client = utf8mb4 */;
CREATE TABLE `employees` (
  `id` int NOT NULL,
  `first_name` varchar(50) DEFAULT NULL,
  `last_name` varchar(50) DEFAULT NULL,
  `age` int DEFAULT NULL,
  `manager_id` int DEFAULT NULL,
  `department_id` int DEFAULT NULL,
  PRIMARY KEY (`id`)
) ENGINE=InnoDB DEFAULT CHARSET=utf8mb4 COLLATE=utf8mb4_0900_ai_ci;
/*!40101 SET character_set_client = @saved_cs_client */;

--
-- Dumping data for table `employees`
--

LOCK TABLES `employees` WRITE;
/*!40000 ALTER TABLE `employees` DISABLE KEYS */;
INSERT INTO `employees` VALUES (1,'翼','高橋',55,NULL,1),(2,'花子','井上',50,1,1),(3,'零','藤原',48,NULL,2),(4,'涼平','鈴木',47,NULL,3),(5,'里佳','田中',46,3,2),(6,'明美','青木',43,4,3),(7,'千代','西村',42,NULL,4),(8,'美加子','森',41,7,4),(9,'さゆり','田中',38,5,2),(10,'和也','松本',37,NULL,5),(11,'里佳','三浦',37,10,5),(12,'裕太','山下',35,5,2),(13,'聡太郎','山本',33,6,3),(14,'くみ子','斎藤',33,8,4),(15,'あすか','後藤',31,11,5),(16,'真綾','岡田',29,12,2),(17,'治','伊藤',29,13,3),(18,'和也','近藤',28,14,4),(19,'千代','斎藤',27,15,5),(20,'明美','青木',25,17,3);
/*!40000 ALTER TABLE `employees` ENABLE KEYS */;
UNLOCK TABLES;

--
-- Table structure for table `enrollments`
--

DROP TABLE IF EXISTS `enrollments`;
/*!40101 SET @saved_cs_client     = @@character_set_client */;
/*!50503 SET character_set_client = utf8mb4 */;
CREATE TABLE `enrollments` (
  `id` int NOT NULL,
  `student_id` int DEFAULT NULL,
  `class_id` int DEFAULT NULL,
  `enrolled_year_month` char(6) DEFAULT NULL,
  PRIMARY KEY (`id`)
) ENGINE=InnoDB DEFAULT CHARSET=utf8mb4 COLLATE=utf8mb4_0900_ai_ci;
/*!40101 SET character_set_client = @saved_cs_client */;

--
-- Dumping data for table `enrollments`
--

LOCK TABLES `enrollments` WRITE;
/*!40000 ALTER TABLE `enrollments` DISABLE KEYS */;
INSERT INTO `enrollments` VALUES (1,1,9,'2021'),(2,2,4,'2021'),(3,3,4,'2021'),(4,4,5,'2021'),(5,5,6,'2021'),(6,6,6,'2021'),(7,7,6,'2021'),(8,8,7,'2021'),(9,9,1,'2021'),(10,10,2,'2021'),(11,11,4,'2021'),(12,12,8,'2021'),(13,13,2,'2021'),(14,14,5,'2021'),(15,15,1,'2021'),(16,16,3,'2021'),(17,17,8,'2021'),(18,18,4,'2021'),(19,19,7,'2021'),(20,20,1,'2021'),(21,22,4,'2020'),(22,23,4,'2020'),(23,24,6,'2020'),(24,25,7,'2020'),(25,26,8,'2020'),(26,27,3,'2020'),(27,28,9,'2020'),(28,29,3,'2020'),(29,30,6,'2020'),(30,31,6,'2020'),(31,32,2,'2020'),(32,34,4,'2020'),(33,35,3,'2020'),(34,36,1,'2020'),(35,37,3,'2020'),(36,39,5,'2020'),(37,40,8,'2020'),(38,41,5,'2019'),(39,42,7,'2019'),(40,43,3,'2019'),(41,44,7,'2019'),(42,45,1,'2019'),(43,46,8,'2019'),(44,47,6,'2019'),(45,48,4,'2019'),(46,49,5,'2019'),(47,50,2,'2019'),(48,51,3,'2019'),(49,52,8,'2019'),(50,53,9,'2019'),(51,54,5,'2019'),(52,55,3,'2019'),(53,56,3,'2019'),(54,57,1,'2019'),(55,58,6,'2019'),(56,59,2,'2019'),(57,60,4,'2019'),(58,61,1,'2018'),(59,62,4,'2018'),(60,63,2,'2018'),(61,64,3,'2018'),(62,66,1,'2018'),(63,67,7,'2018'),(64,68,1,'2018'),(65,69,9,'2018'),(66,70,8,'2018'),(67,71,4,'2018'),(68,72,4,'2018'),(69,73,9,'2018'),(70,74,5,'2018'),(71,75,6,'2018'),(72,76,1,'2018'),(73,77,3,'2018'),(74,78,5,'2018'),(75,79,8,'2018'),(76,80,9,'2018');
/*!40000 ALTER TABLE `enrollments` ENABLE KEYS */;
UNLOCK TABLES;

--
-- Table structure for table `items`
--

DROP TABLE IF EXISTS `items`;
/*!40101 SET @saved_cs_client     = @@character_set_client */;
/*!50503 SET character_set_client = utf8mb4 */;
CREATE TABLE `items` (
  `id` int NOT NULL,
  `store_id` int DEFAULT NULL,
  `name` varchar(255) DEFAULT NULL,
  PRIMARY KEY (`id`)
) ENGINE=InnoDB DEFAULT CHARSET=utf8mb4 COLLATE=utf8mb4_0900_ai_ci;
/*!40101 SET character_set_client = @saved_cs_client */;

--
-- Dumping data for table `items`
--

LOCK TABLES `items` WRITE;
/*!40000 ALTER TABLE `items` DISABLE KEYS */;
INSERT INTO `items` VALUES (1,1,'Item 山田 1'),(2,1,'Item 山田 2'),(3,1,'Item 山田 3'),(4,1,'Item 山田 4'),(5,1,'Item 山田 5'),(6,1,'Item 山田 6'),(7,1,'Item 山田 7'),(8,1,'Item 山田 8'),(9,1,'Item 山田 9'),(10,1,'Item 山田 10'),(11,2,'Item 酒井 1'),(12,2,'Item 酒井 2'),(13,2,'Item 酒井 3'),(14,2,'Item 酒井 4'),(15,2,'Item 酒井 5'),(16,2,'Item 酒井 6'),(17,2,'Item 酒井 7'),(18,2,'Item 酒井 8'),(19,2,'Item 酒井 9'),(20,2,'Item 酒井 10'),(21,3,'Item 石井 1'),(22,3,'Item 石井 2'),(23,3,'Item 石井 3'),(24,3,'Item 石井 4'),(25,3,'Item 石井 5'),(26,3,'Item 石井 6'),(27,3,'Item 石井 7'),(28,3,'Item 石井 8'),(29,3,'Item 石井 9'),(30,3,'Item 石井 10'),(31,4,'Item ソニックス 1'),(32,4,'Item ソニックス 2'),(33,4,'Item ソニックス 3'),(34,4,'Item ソニックス 4'),(35,4,'Item ソニックス 5'),(36,4,'Item ソニックス 6'),(37,4,'Item ソニックス 7'),(38,4,'Item ソニックス 8'),(39,4,'Item ソニックス 9'),(40,4,'Item ソニックス 10'),(41,5,'Item 中村 1'),(42,5,'Item 中村 2'),(43,5,'Item 中村 3'),(44,5,'Item 中村 4'),(45,5,'Item 中村 5'),(46,5,'Item 中村 6'),(47,5,'Item 中村 7'),(48,5,'Item 中村 8'),(49,5,'Item 中村 9'),(50,5,'Item 中村 10'),(51,6,'Item 任地堂 1'),(52,6,'Item 任地堂 2'),(53,6,'Item 任地堂 3'),(54,6,'Item 任地堂 4'),(55,6,'Item 任地堂 5'),(56,6,'Item 任地堂 6'),(57,6,'Item 任地堂 7'),(58,6,'Item 任地堂 8'),(59,6,'Item 任地堂 9'),(60,6,'Item 任地堂 10'),(61,7,'Item スクニ― 1'),(62,7,'Item スクニ― 2'),(63,7,'Item スクニ― 3'),(64,7,'Item スクニ― 4'),(65,7,'Item スクニ― 5'),(66,7,'Item スクニ― 6'),(67,7,'Item スクニ― 7'),(68,7,'Item スクニ― 8'),(69,7,'Item スクニ― 9'),(70,7,'Item スクニ― 10'),(71,8,'Item トイランド 1'),(72,8,'Item トイランド 2'),(73,8,'Item トイランド 3'),(74,8,'Item トイランド 4'),(75,8,'Item トイランド 5'),(76,8,'Item トイランド 6'),(77,8,'Item トイランド 7'),(78,8,'Item トイランド 8'),(79,8,'Item トイランド 9'),(80,8,'Item トイランド 10'),(81,9,'Item ドルチ 1'),(82,9,'Item ドルチ 2'),(83,9,'Item ドルチ 3'),(84,9,'Item ドルチ 4'),(85,9,'Item ドルチ 5'),(86,9,'Item ドルチ 6'),(87,9,'Item ドルチ 7'),(88,9,'Item ドルチ 8'),(89,9,'Item ドルチ 9'),(90,9,'Item ドルチ 10'),(91,10,'Item 石川 1'),(92,10,'Item 石川 2'),(93,10,'Item 石川 3'),(94,10,'Item 石川 4'),(95,10,'Item 石川 5'),(96,10,'Item 石川 6'),(97,10,'Item 石川 7'),(98,10,'Item 石川 8'),(99,10,'Item 石川 9'),(100,10,'Item 石川 10');
/*!40000 ALTER TABLE `items` ENABLE KEYS */;
UNLOCK TABLES;

--
-- Table structure for table `orders`
--

DROP TABLE IF EXISTS `orders`;
/*!40101 SET @saved_cs_client     = @@character_set_client */;
/*!50503 SET character_set_client = utf8mb4 */;
CREATE TABLE `orders` (
  `id` int NOT NULL,
  `customer_id` int DEFAULT NULL,
  `item_id` int DEFAULT NULL,
  `order_amount` int DEFAULT NULL,
  `order_price` int DEFAULT NULL,
  `order_date` date DEFAULT NULL,
  PRIMARY KEY (`id`)
) ENGINE=InnoDB DEFAULT CHARSET=utf8mb4 COLLATE=utf8mb4_0900_ai_ci;
/*!40101 SET character_set_client = @saved_cs_client */;

--
-- Dumping data for table `orders`
--

LOCK TABLES `orders` WRITE;
/*!40000 ALTER TABLE `orders` DISABLE KEYS */;
INSERT INTO `orders` VALUES (1,1,21,8,3287,'2020-02-25'),(2,2,64,2,4360,'2020-06-27'),(3,3,98,6,4675,'2020-03-24'),(4,4,81,1,1073,'2020-02-22'),(5,5,38,8,3881,'2020-06-21'),(6,6,89,8,4854,'2020-09-03'),(7,7,51,6,1280,'2020-08-07'),(8,8,31,3,2627,'2020-10-26'),(9,9,53,4,3978,'2020-09-18'),(10,10,73,5,3338,'2020-02-10'),(11,11,37,8,2808,'2020-08-21'),(12,12,62,1,3677,'2020-01-30'),(13,13,61,4,2063,'2020-03-08'),(14,14,63,6,2535,'2020-08-13'),(15,15,71,6,1352,'2020-08-17'),(16,16,69,7,4043,'2020-10-21'),(17,17,57,2,3413,'2020-01-27'),(18,18,58,5,3441,'2020-06-21'),(19,19,90,8,3752,'2020-06-21'),(20,1,5,7,2822,'2020-05-19'),(21,2,49,2,1107,'2020-03-01'),(22,3,84,8,3378,'2020-03-21'),(23,4,8,5,3705,'2020-07-16'),(24,5,73,4,3338,'2020-04-13'),(25,6,67,9,3913,'2020-08-20'),(26,7,31,6,2627,'2020-05-31'),(27,8,97,2,3111,'2020-02-12'),(28,9,18,5,2070,'2020-03-01'),(29,10,92,5,3204,'2020-11-22'),(30,11,43,7,2783,'2020-08-02'),(31,12,69,1,4043,'2020-04-30'),(32,13,100,10,4082,'2020-11-22'),(33,14,41,4,4666,'2020-08-04'),(34,15,51,5,1280,'2020-08-20'),(35,16,45,10,1907,'2020-09-01'),(36,17,33,7,1266,'2020-12-03'),(37,18,34,9,4762,'2020-04-26'),(38,19,34,10,4762,'2020-08-09'),(39,1,81,5,1073,'2020-02-09'),(40,2,35,6,1320,'2020-08-17'),(41,3,14,5,4985,'2020-04-22'),(42,4,26,7,3546,'2020-07-15'),(43,5,53,2,3978,'2020-11-20'),(44,6,15,1,4598,'2020-12-05'),(45,7,47,8,4841,'2020-08-25'),(46,8,96,5,4329,'2020-03-19'),(47,9,55,10,3500,'2020-12-01'),(48,10,55,2,3500,'2020-04-07'),(49,11,76,3,4646,'2020-03-31'),(50,12,69,4,4043,'2020-05-10'),(51,13,79,10,1704,'2020-12-10'),(52,14,73,2,3338,'2020-12-11'),(53,15,92,4,3204,'2020-06-10'),(54,16,89,9,4854,'2020-02-08'),(55,17,56,3,2000,'2020-05-18'),(56,18,61,6,2063,'2020-04-05'),(57,19,63,6,2535,'2020-05-05'),(58,1,60,1,4748,'2020-09-26'),(59,2,57,2,3413,'2020-01-24'),(60,3,99,9,3479,'2020-03-21'),(61,4,98,9,4675,'2020-03-14'),(62,5,75,8,4605,'2020-12-15'),(63,6,23,9,4784,'2020-06-13'),(64,7,19,8,4586,'2020-05-24'),(65,8,45,3,1907,'2020-06-15'),(66,9,78,2,2387,'2020-01-21'),(67,10,95,8,2128,'2020-10-30'),(68,11,76,10,4646,'2020-11-10'),(69,12,84,7,3378,'2020-01-28'),(70,13,22,6,4826,'2020-05-17'),(71,14,30,8,3525,'2020-12-13'),(72,15,76,4,4646,'2020-04-29'),(73,16,60,9,4748,'2020-06-20'),(74,17,72,3,1843,'2020-08-13'),(75,18,59,2,4645,'2020-05-04'),(76,19,10,6,2368,'2020-03-20'),(77,1,99,5,3479,'2020-02-14'),(78,2,3,1,3977,'2020-07-26'),(79,3,53,8,3978,'2020-11-20'),(80,4,28,4,4301,'2020-12-30'),(81,5,45,7,1907,'2020-04-30'),(82,6,90,4,3752,'2020-02-07'),(83,7,44,7,4914,'2020-12-15'),(84,8,68,7,4116,'2020-08-15'),(85,9,79,4,1704,'2020-04-06'),(86,10,74,5,3315,'2020-08-08'),(87,11,63,3,2535,'2020-02-16'),(88,12,92,6,3204,'2020-02-18'),(89,13,74,10,3315,'2020-08-27'),(90,14,90,1,3752,'2020-03-01'),(91,15,93,5,3879,'2020-12-27'),(92,16,43,4,2783,'2020-11-30'),(93,17,26,9,3546,'2020-07-27'),(94,18,79,4,1704,'2020-11-07'),(95,19,8,9,3705,'2020-11-27'),(96,1,30,7,3525,'2020-06-21'),(97,2,37,4,2808,'2020-05-13'),(98,3,30,2,3525,'2020-09-07'),(99,4,15,5,4598,'2020-02-08'),(100,5,4,4,3394,'2020-06-21'),(101,6,80,5,3145,'2020-03-02'),(102,7,55,1,3500,'2020-05-29'),(103,8,92,6,3204,'2020-02-21'),(104,9,61,2,2063,'2020-08-25'),(105,10,51,7,1280,'2020-04-10'),(106,11,62,8,3677,'2020-02-17'),(107,12,21,6,3287,'2020-03-11'),(108,13,74,3,3315,'2020-10-06'),(109,14,24,10,1916,'2020-04-23'),(110,15,22,10,4826,'2020-08-23'),(111,16,18,2,2070,'2020-09-11'),(112,17,86,7,2543,'2020-06-26'),(113,18,63,8,2535,'2020-12-22'),(114,19,93,6,3879,'2020-12-09'),(115,1,26,1,3546,'2020-08-09'),(116,2,7,4,2926,'2020-04-28'),(117,3,73,10,3338,'2020-04-02'),(118,4,95,4,2128,'2020-05-29'),(119,5,10,1,2368,'2020-12-27'),(120,6,42,9,4482,'2020-11-10'),(121,7,90,1,3752,'2020-09-08'),(122,8,36,6,3292,'2020-06-28'),(123,9,78,5,2387,'2020-04-19'),(124,10,4,4,3394,'2020-01-26'),(125,11,79,8,1704,'2020-04-02'),(126,12,9,7,2763,'2020-06-02'),(127,13,97,5,3111,'2020-03-12'),(128,14,25,6,4751,'2020-02-07'),(129,15,97,3,3111,'2020-05-16'),(130,16,18,2,2070,'2020-01-30'),(131,17,23,9,4784,'2020-08-26'),(132,18,91,7,4263,'2020-12-24'),(133,19,47,8,4841,'2020-03-24'),(134,1,63,9,2535,'2020-08-11'),(135,2,67,4,3913,'2020-01-02'),(136,3,51,2,1280,'2020-05-10'),(137,4,15,10,4598,'2020-02-25'),(138,5,84,7,3378,'2020-03-19'),(139,6,13,2,3381,'2020-11-04'),(140,7,66,9,3699,'2020-01-16'),(141,8,87,4,2222,'2020-05-17'),(142,9,1,3,4304,'2020-11-22'),(143,10,74,6,3315,'2020-10-21'),(144,11,14,9,4985,'2020-08-17'),(145,12,49,4,1107,'2020-10-11'),(146,13,88,1,2409,'2020-04-17'),(147,14,32,1,3483,'2020-05-22'),(148,15,65,10,4024,'2020-02-26'),(149,16,77,7,2515,'2020-12-26'),(150,17,92,10,3204,'2020-03-18'),(151,18,13,7,3381,'2020-12-30'),(152,19,39,9,1044,'2020-09-18'),(153,1,48,7,4274,'2020-12-24'),(154,2,92,9,3204,'2020-06-12'),(155,3,65,7,4024,'2020-11-19'),(156,4,29,2,1068,'2020-03-23'),(157,5,59,7,4645,'2020-07-18'),(158,6,73,3,3338,'2020-11-06'),(159,7,70,9,3228,'2020-10-01'),(160,8,100,5,4082,'2020-12-09'),(161,9,18,8,2070,'2020-07-26'),(162,10,88,6,2409,'2020-01-12'),(163,11,68,5,4116,'2020-11-05'),(164,12,48,3,4274,'2020-05-10'),(165,13,49,2,1107,'2020-12-12'),(166,14,64,10,4360,'2020-12-23'),(167,15,90,1,3752,'2020-09-11'),(168,16,25,10,4751,'2020-06-02'),(169,17,34,10,4762,'2020-06-02'),(170,18,44,10,4914,'2020-06-30'),(171,19,90,2,3752,'2020-05-20'),(172,1,20,6,2452,'2020-12-17'),(173,2,74,6,3315,'2020-10-19'),(174,3,68,5,4116,'2020-03-23'),(175,4,52,5,3570,'2020-06-16'),(176,5,96,5,4329,'2020-01-11'),(177,6,45,6,1907,'2020-02-04'),(178,7,42,3,4482,'2020-09-28'),(179,8,86,3,2543,'2020-01-24'),(180,9,52,1,3570,'2020-02-22'),(181,10,70,6,3228,'2020-04-01'),(182,11,50,4,2945,'2020-04-20'),(183,12,43,10,2783,'2020-11-10'),(184,13,95,3,2128,'2020-06-18'),(185,14,15,6,4598,'2020-11-01'),(186,15,69,9,4043,'2020-07-05'),(187,16,60,6,4748,'2020-01-14'),(188,17,28,3,4301,'2020-05-27'),(189,18,24,7,1916,'2020-11-08'),(190,19,17,3,4359,'2020-10-19'),(191,1,99,5,3479,'2020-05-25'),(192,2,65,1,4024,'2020-06-08'),(193,3,53,6,3978,'2020-09-28'),(194,4,26,2,3546,'2020-05-27'),(195,5,43,3,2783,'2020-10-22'),(196,6,45,5,1907,'2020-11-06'),(197,7,30,9,3525,'2020-09-12'),(198,8,10,1,2368,'2020-06-03'),(199,9,98,2,4675,'2020-05-21'),(200,10,75,3,4605,'2020-07-22'),(201,11,45,9,1907,'2020-03-13'),(202,12,88,2,2409,'2020-01-26'),(203,13,75,2,4605,'2020-02-06'),(204,14,31,3,2627,'2020-12-22'),(205,15,90,1,3752,'2020-07-05'),(206,16,90,3,3752,'2020-05-19'),(207,17,31,5,2627,'2020-08-24'),(208,18,50,7,2945,'2020-03-26'),(209,19,66,8,3699,'2020-05-04'),(210,1,22,7,4826,'2020-10-17'),(211,2,5,5,2822,'2020-10-05'),(212,3,91,3,4263,'2020-07-28'),(213,4,68,9,4116,'2020-07-15'),(214,5,21,8,3287,'2020-11-02'),(215,6,35,9,1320,'2020-02-11'),(216,7,63,3,2535,'2020-01-30'),(217,8,88,6,2409,'2020-09-05'),(218,9,16,4,3235,'2020-04-14'),(219,10,15,9,4598,'2020-03-20'),(220,11,10,4,2368,'2020-07-01'),(221,12,95,8,2128,'2020-03-14'),(222,13,77,3,2515,'2020-07-04'),(223,14,95,8,2128,'2020-10-22'),(224,15,2,2,2276,'2020-08-30'),(225,16,79,9,1704,'2020-12-27'),(226,17,82,5,1841,'2020-01-27'),(227,18,59,9,4645,'2020-09-07'),(228,19,3,3,3977,'2020-01-04'),(229,1,43,7,2783,'2020-08-13'),(230,2,80,8,3145,'2020-08-12'),(231,3,77,3,2515,'2020-06-08'),(232,4,21,9,3287,'2020-01-13'),(233,5,68,3,4116,'2020-11-17'),(234,6,6,8,2030,'2020-10-08'),(235,7,52,6,3570,'2020-03-27'),(236,8,70,9,3228,'2020-06-01'),(237,9,25,9,4751,'2020-03-27'),(238,10,22,7,4826,'2020-01-23'),(239,11,34,1,4762,'2020-07-25'),(240,12,47,4,4841,'2020-04-20'),(241,13,93,4,3879,'2020-10-05'),(242,14,99,1,3479,'2020-10-21'),(243,15,82,10,1841,'2020-08-25'),(244,16,49,3,1107,'2020-05-30'),(245,17,70,5,3228,'2020-05-14'),(246,18,31,2,2627,'2020-08-17'),(247,19,60,7,4748,'2020-01-30'),(248,1,16,9,3235,'2020-11-02'),(249,2,99,5,3479,'2020-02-02'),(250,3,54,2,1451,'2020-06-14'),(251,4,19,4,4586,'2020-04-26'),(252,5,32,5,3483,'2020-08-31'),(253,6,67,5,3913,'2020-12-23'),(254,7,91,6,4263,'2020-01-21'),(255,8,54,5,1451,'2020-11-15'),(256,9,55,3,3500,'2020-08-09'),(257,10,97,4,3111,'2020-11-28'),(258,11,11,4,2702,'2020-01-12'),(259,12,31,8,2627,'2020-07-31'),(260,13,62,1,3677,'2020-05-27'),(261,14,38,1,3881,'2020-06-30'),(262,15,14,4,4985,'2020-11-15'),(263,16,47,3,4841,'2020-03-28'),(264,17,54,2,1451,'2020-10-01'),(265,18,37,7,2808,'2020-07-29'),(266,19,82,6,1841,'2020-04-08'),(267,1,8,4,3705,'2020-12-19'),(268,2,69,8,4043,'2020-09-11'),(269,3,32,5,3483,'2020-09-12'),(270,4,90,6,3752,'2020-04-04'),(271,5,64,3,4360,'2020-12-25'),(272,6,86,4,2543,'2020-01-03'),(273,7,6,6,2030,'2020-01-28'),(274,8,4,6,3394,'2020-07-17'),(275,9,11,5,2702,'2020-06-29'),(276,10,77,6,2515,'2020-09-20'),(277,11,78,5,2387,'2020-09-11'),(278,12,6,7,2030,'2020-03-18'),(279,13,2,3,2276,'2020-02-06'),(280,14,52,9,3570,'2020-03-10'),(281,15,99,9,3479,'2020-05-31'),(282,16,24,8,1916,'2020-04-20'),(283,17,5,9,2822,'2020-12-22'),(284,18,51,3,1280,'2020-08-03'),(285,19,24,4,1916,'2020-08-16'),(286,1,81,1,1073,'2020-01-26'),(287,2,14,2,4985,'2020-10-05'),(288,3,52,2,3570,'2020-07-01'),(289,4,25,5,4751,'2020-03-12'),(290,5,28,8,4301,'2020-01-10'),(291,6,28,10,4301,'2020-11-04'),(292,7,5,9,2822,'2020-08-14'),(293,8,66,1,3699,'2020-05-25'),(294,9,77,2,2515,'2020-07-30'),(295,10,8,10,3705,'2020-05-08'),(296,11,44,8,4914,'2020-10-28'),(297,12,40,6,3240,'2020-12-11'),(298,13,67,9,3913,'2020-03-07'),(299,14,28,4,4301,'2020-01-14'),(300,15,72,1,1843,'2020-10-05'),(301,16,48,10,4274,'2020-08-30'),(302,17,45,5,1907,'2020-07-05'),(303,18,17,9,4359,'2020-02-08'),(304,19,27,3,4931,'2020-05-01'),(305,1,32,5,3483,'2020-11-25'),(306,2,64,6,4360,'2020-12-01'),(307,3,57,1,3413,'2020-09-18'),(308,4,63,4,2535,'2020-09-02'),(309,5,95,2,2128,'2020-05-24'),(310,6,63,2,2535,'2020-02-23'),(311,7,47,8,4841,'2020-08-01'),(312,8,62,9,3677,'2020-01-05'),(313,9,13,10,3381,'2020-01-23'),(314,10,95,7,2128,'2020-07-12'),(315,11,64,4,4360,'2020-06-06'),(316,12,70,10,3228,'2020-10-11'),(317,13,74,3,3315,'2020-12-03'),(318,14,36,8,3292,'2020-07-18'),(319,15,84,1,3378,'2020-01-01'),(320,16,4,7,3394,'2020-01-04'),(321,17,42,9,4482,'2020-05-02'),(322,18,15,6,4598,'2020-11-04'),(323,19,32,9,3483,'2020-05-03'),(324,1,72,6,1843,'2020-04-12'),(325,2,21,7,3287,'2020-01-20'),(326,3,41,1,4666,'2020-07-29'),(327,4,51,9,1280,'2020-07-07'),(328,5,32,5,3483,'2020-09-15'),(329,6,37,10,2808,'2020-11-05'),(330,7,22,2,4826,'2020-03-27'),(331,8,46,9,4157,'2020-04-17'),(332,9,86,6,2543,'2020-09-20'),(333,10,64,7,4360,'2020-04-02'),(334,11,1,10,4304,'2020-10-23'),(335,12,99,3,3479,'2020-08-19'),(336,13,43,5,2783,'2020-05-23'),(337,14,80,3,3145,'2020-02-22'),(338,15,100,1,4082,'2020-12-08'),(339,16,53,10,3978,'2020-12-24'),(340,17,28,7,4301,'2020-03-20'),(341,18,23,10,4784,'2020-02-12'),(342,19,92,10,3204,'2020-01-03'),(343,1,56,6,2000,'2020-10-08'),(344,2,24,9,1916,'2020-11-05'),(345,3,6,4,2030,'2020-11-25'),(346,4,98,9,4675,'2020-11-30'),(347,5,97,6,3111,'2020-11-16'),(348,6,38,5,3881,'2020-10-17'),(349,7,98,4,4675,'2020-03-27'),(350,8,42,8,4482,'2020-06-07'),(351,9,85,6,2126,'2020-05-15'),(352,10,18,3,2070,'2020-02-09'),(353,11,28,5,4301,'2020-09-20'),(354,12,89,2,4854,'2020-05-30'),(355,13,98,2,4675,'2020-01-21'),(356,14,76,4,4646,'2020-07-12'),(357,15,52,7,3570,'2020-12-30'),(358,16,19,5,4586,'2020-10-19'),(359,17,6,3,2030,'2020-11-22'),(360,18,84,4,3378,'2020-11-29'),(361,19,22,10,4826,'2020-05-29'),(362,1,22,8,4826,'2020-03-18'),(363,2,74,9,3315,'2020-01-02'),(364,3,64,1,4360,'2020-10-26'),(365,4,19,2,4586,'2020-07-17'),(366,5,11,10,2702,'2020-10-03'),(367,6,14,7,4985,'2020-05-23'),(368,7,78,2,2387,'2020-06-13'),(369,8,1,6,4304,'2020-07-31'),(370,9,92,7,3204,'2020-08-19'),(371,10,16,3,3235,'2020-12-28'),(372,11,50,4,2945,'2020-01-30'),(373,12,35,4,1320,'2020-07-27'),(374,13,81,3,1073,'2020-11-22'),(375,14,30,9,3525,'2020-03-11'),(376,15,93,10,3879,'2020-02-09'),(377,16,5,5,2822,'2020-11-26'),(378,17,48,2,4274,'2020-05-02'),(379,18,21,7,3287,'2020-07-16'),(380,19,62,3,3677,'2020-01-30'),(381,1,5,10,2822,'2020-09-27'),(382,2,84,7,3378,'2020-07-06'),(383,3,59,2,4645,'2020-09-16'),(384,4,59,3,4645,'2020-12-23'),(385,5,93,1,3879,'2020-10-16'),(386,6,76,3,4646,'2020-06-20'),(387,7,5,3,2822,'2020-08-18'),(388,8,30,2,3525,'2020-08-28'),(389,9,63,3,2535,'2020-11-12'),(390,10,13,8,3381,'2020-12-31'),(391,11,25,8,4751,'2020-03-28'),(392,12,44,2,4914,'2020-12-17'),(393,13,44,1,4914,'2020-11-13'),(394,14,97,8,3111,'2020-05-05'),(395,15,8,1,3705,'2020-08-09'),(396,16,22,6,4826,'2020-01-28'),(397,17,53,4,3978,'2020-06-08'),(398,18,74,8,3315,'2020-07-09'),(399,19,33,4,1266,'2020-11-26'),(400,1,75,6,4605,'2020-11-04'),(401,2,31,8,2627,'2020-04-24'),(402,3,21,9,3287,'2020-06-22'),(403,4,28,4,4301,'2020-06-29'),(404,5,95,1,2128,'2020-10-17'),(405,6,100,5,4082,'2020-05-06'),(406,7,80,9,3145,'2020-02-06'),(407,8,76,2,4646,'2020-09-09'),(408,9,51,9,1280,'2020-12-21'),(409,10,35,3,1320,'2020-09-30'),(410,11,88,10,2409,'2020-04-30'),(411,12,4,5,3394,'2020-04-08'),(412,13,87,1,2222,'2020-03-15'),(413,14,79,2,1704,'2020-02-07'),(414,15,25,6,4751,'2020-01-04'),(415,16,63,4,2535,'2020-09-23'),(416,17,3,8,3977,'2020-11-01'),(417,18,83,6,4074,'2020-12-17'),(418,19,32,2,3483,'2020-04-28'),(419,1,66,3,3699,'2020-09-19'),(420,2,24,9,1916,'2020-11-19'),(421,3,9,3,2763,'2020-04-10'),(422,4,44,7,4914,'2020-10-22'),(423,5,60,1,4748,'2020-11-30'),(424,6,8,3,3705,'2020-06-28'),(425,7,61,2,2063,'2020-12-28'),(426,8,61,1,2063,'2020-10-01'),(427,9,31,3,2627,'2020-10-21'),(428,10,22,4,4826,'2020-08-15'),(429,11,77,10,2515,'2020-11-13'),(430,12,36,1,3292,'2020-05-24'),(431,13,22,3,4826,'2020-09-28'),(432,14,31,2,2627,'2020-12-15'),(433,15,74,4,3315,'2020-03-31'),(434,16,46,2,4157,'2020-02-09'),(435,17,76,8,4646,'2020-06-22'),(436,18,6,8,2030,'2020-05-17'),(437,19,13,6,3381,'2020-01-19'),(438,1,11,4,2702,'2020-07-15'),(439,2,71,5,1352,'2020-09-19'),(440,3,82,5,1841,'2020-05-06'),(441,4,37,3,2808,'2020-08-29'),(442,5,15,4,4598,'2020-12-30'),(443,6,76,4,4646,'2020-07-29'),(444,7,39,5,1044,'2020-07-16'),(445,8,48,10,4274,'2020-10-19'),(446,9,52,7,3570,'2020-09-08'),(447,10,2,2,2276,'2020-04-09'),(448,11,1,5,4304,'2020-06-06'),(449,12,16,1,3235,'2020-04-19'),(450,13,67,4,3913,'2020-03-22'),(451,14,77,10,2515,'2020-01-29'),(452,15,2,5,2276,'2020-12-03'),(453,16,42,8,4482,'2020-11-21'),(454,17,91,7,4263,'2020-03-27'),(455,18,52,5,3570,'2020-05-27'),(456,19,86,2,2543,'2020-10-30'),(457,1,23,7,4784,'2020-02-14'),(458,2,94,1,1306,'2020-06-26'),(459,3,15,2,4598,'2020-10-18'),(460,4,45,5,1907,'2020-01-25'),(461,5,75,8,4605,'2020-02-16'),(462,6,91,6,4263,'2020-04-03'),(463,7,23,2,4784,'2020-01-28'),(464,8,15,2,4598,'2020-12-01'),(465,9,89,8,4854,'2020-03-28'),(466,10,31,7,2627,'2020-05-01'),(467,11,89,3,4854,'2020-11-29'),(468,12,39,8,1044,'2020-04-13'),(469,13,62,9,3677,'2020-02-26'),(470,14,57,7,3413,'2020-12-08'),(471,15,64,3,4360,'2020-07-31'),(472,16,94,8,1306,'2020-04-22'),(473,17,11,1,2702,'2020-06-11'),(474,18,84,3,3378,'2020-06-18'),(475,19,70,5,3228,'2020-12-02'),(476,1,2,2,2276,'2020-01-13'),(477,2,25,6,4751,'2020-03-21'),(478,3,64,9,4360,'2020-05-10'),(479,4,8,7,3705,'2020-08-29'),(480,5,13,8,3381,'2020-05-01'),(481,6,84,5,3378,'2020-09-04'),(482,7,43,3,2783,'2020-06-12'),(483,8,55,3,3500,'2020-03-12'),(484,9,77,6,2515,'2020-01-17'),(485,10,8,2,3705,'2020-05-08'),(486,11,55,2,3500,'2020-04-19'),(487,12,9,6,2763,'2020-05-12'),(488,13,66,2,3699,'2020-01-02'),(489,14,79,7,1704,'2020-06-27'),(490,15,83,3,4074,'2020-10-01'),(491,16,68,5,4116,'2020-12-16'),(492,17,33,6,1266,'2020-04-24'),(493,18,25,1,4751,'2020-03-21'),(494,19,71,5,1352,'2020-02-15'),(495,1,78,6,2387,'2020-07-17'),(496,2,71,1,1352,'2020-05-05'),(497,3,11,2,2702,'2020-07-17'),(498,4,67,5,3913,'2020-04-14'),(499,5,6,7,2030,'2020-08-13'),(500,6,55,5,3500,'2020-02-07'),(501,7,41,7,4666,'2020-02-06'),(502,8,44,4,4914,'2020-08-12'),(503,9,53,1,3978,'2020-08-18'),(504,10,65,8,4024,'2020-10-08'),(505,11,86,9,2543,'2020-11-25'),(506,12,97,5,3111,'2020-07-16'),(507,13,31,7,2627,'2020-08-31'),(508,14,58,5,3441,'2020-07-11'),(509,15,15,7,4598,'2020-07-13'),(510,16,96,5,4329,'2020-05-01'),(511,17,66,9,3699,'2020-03-19'),(512,18,72,6,1843,'2020-05-26'),(513,19,69,2,4043,'2020-07-28'),(514,1,5,10,2822,'2020-09-22'),(515,2,61,1,2063,'2020-05-27'),(516,3,1,2,4304,'2020-03-09'),(517,4,86,9,2543,'2020-03-24'),(518,5,92,2,3204,'2020-05-27'),(519,6,78,5,2387,'2020-09-05'),(520,7,73,3,3338,'2020-08-27'),(521,8,10,9,2368,'2020-12-17'),(522,9,81,1,1073,'2020-11-22'),(523,10,54,9,1451,'2020-08-03'),(524,11,25,8,4751,'2020-02-11'),(525,12,60,8,4748,'2020-10-13'),(526,13,90,1,3752,'2020-08-09'),(527,14,4,3,3394,'2020-02-26'),(528,15,95,9,2128,'2020-11-05'),(529,16,11,2,2702,'2020-08-08'),(530,17,41,7,4666,'2020-12-29'),(531,18,89,1,4854,'2020-11-22'),(532,19,51,10,1280,'2020-09-21'),(533,1,27,4,4931,'2020-02-16'),(534,2,62,2,3677,'2020-07-02'),(535,3,85,6,2126,'2020-07-12'),(536,4,50,4,2945,'2020-01-29'),(537,5,75,4,4605,'2020-05-15'),(538,6,40,9,3240,'2020-04-19'),(539,7,66,1,3699,'2020-08-02'),(540,8,90,4,3752,'2020-12-23'),(541,9,23,2,4784,'2020-07-04'),(542,10,94,10,1306,'2020-04-05'),(543,11,41,7,4666,'2020-11-13'),(544,12,94,8,1306,'2020-03-25'),(545,13,36,4,3292,'2020-05-30'),(546,14,94,3,1306,'2020-01-31'),(547,15,39,1,1044,'2020-04-16'),(548,16,16,10,3235,'2020-03-03'),(549,17,47,2,4841,'2020-05-15'),(550,18,11,4,2702,'2020-04-14'),(551,19,34,10,4762,'2020-02-25'),(552,1,8,7,3705,'2020-01-31'),(553,2,71,1,1352,'2020-02-15'),(554,3,18,5,2070,'2020-09-13'),(555,4,46,7,4157,'2020-04-02'),(556,5,25,2,4751,'2020-10-18'),(557,6,55,4,3500,'2020-04-06'),(558,7,7,3,2926,'2020-06-13'),(559,8,70,2,3228,'2020-01-30'),(560,9,40,4,3240,'2020-09-14'),(561,10,65,6,4024,'2020-05-15'),(562,11,62,8,3677,'2020-04-20'),(563,12,30,6,3525,'2020-03-25'),(564,13,3,10,3977,'2020-07-17'),(565,14,78,6,2387,'2020-07-28'),(566,15,82,4,1841,'2020-11-03'),(567,16,94,1,1306,'2020-12-27'),(568,17,7,8,2926,'2020-06-16'),(569,18,19,3,4586,'2020-02-08'),(570,19,17,2,4359,'2020-12-25'),(571,1,79,7,1704,'2020-05-16'),(572,2,10,5,2368,'2020-02-22'),(573,3,98,9,4675,'2020-08-04'),(574,4,22,10,4826,'2020-09-05'),(575,5,69,2,4043,'2020-03-02'),(576,6,50,2,2945,'2020-11-04'),(577,7,51,6,1280,'2020-01-17'),(578,8,70,6,3228,'2020-08-26'),(579,9,8,7,3705,'2020-08-18'),(580,10,9,9,2763,'2020-11-30'),(581,11,21,10,3287,'2020-07-29'),(582,12,75,4,4605,'2020-06-27'),(583,13,31,10,2627,'2020-06-24'),(584,14,73,6,3338,'2020-10-14'),(585,15,43,10,2783,'2020-05-04'),(586,16,63,9,2535,'2020-02-02'),(587,17,18,10,2070,'2020-01-09'),(588,18,3,8,3977,'2020-05-01'),(589,19,4,6,3394,'2020-03-25'),(590,1,10,9,2368,'2020-03-14'),(591,2,41,3,4666,'2020-11-24'),(592,3,43,9,2783,'2020-04-04'),(593,4,51,8,1280,'2020-11-18'),(594,5,81,3,1073,'2020-02-07'),(595,6,43,9,2783,'2020-05-16'),(596,7,92,1,3204,'2020-07-06'),(597,8,89,8,4854,'2020-01-25'),(598,9,63,5,2535,'2020-08-08'),(599,10,43,7,2783,'2020-02-13'),(600,11,26,1,3546,'2020-05-06'),(601,12,47,9,4841,'2020-01-08'),(602,13,50,5,2945,'2020-04-30'),(603,14,63,7,2535,'2020-07-08'),(604,15,45,1,1907,'2020-12-02'),(605,16,27,4,4931,'2020-08-18'),(606,17,33,3,1266,'2020-12-26'),(607,18,31,5,2627,'2020-11-06'),(608,19,98,5,4675,'2020-07-26'),(609,1,19,10,4586,'2020-12-09'),(610,2,75,2,4605,'2020-06-13'),(611,3,41,3,4666,'2020-04-30'),(674,9,70,6,3228,'2020-10-19'),(675,10,91,10,4263,'2020-01-11'),(676,11,97,1,3111,'2020-01-04'),(677,12,52,3,3570,'2020-03-01'),(678,13,23,8,4784,'2020-10-30'),(679,14,6,7,2030,'2020-07-21'),(680,15,19,1,4586,'2020-03-18'),(681,16,18,5,2070,'2020-12-29'),(682,17,100,6,4082,'2020-04-18'),(683,18,93,2,3879,'2020-10-02'),(684,19,22,4,4826,'2020-07-16'),(685,1,31,6,2627,'2020-03-08'),(686,2,49,4,1107,'2020-01-04'),(687,3,70,8,3228,'2020-03-01'),(688,4,79,10,1704,'2020-04-14'),(689,5,69,9,4043,'2020-12-16'),(690,6,61,5,2063,'2020-08-17'),(691,7,91,8,4263,'2020-03-25'),(692,8,35,2,1320,'2020-07-21'),(693,9,26,8,3546,'2020-09-16'),(694,10,26,6,3546,'2020-10-02'),(695,11,94,9,1306,'2020-04-24'),(696,12,70,7,3228,'2020-03-28'),(697,13,14,6,4985,'2020-05-25'),(698,14,54,3,1451,'2020-05-21');
/*!40000 ALTER TABLE `orders` ENABLE KEYS */;
UNLOCK TABLES;

--
-- Table structure for table `salaries`
--

DROP TABLE IF EXISTS `salaries`;
/*!40101 SET @saved_cs_client     = @@character_set_client */;
/*!50503 SET character_set_client = utf8mb4 */;
CREATE TABLE `salaries` (
  `id` int NOT NULL,
  `employee_id` int DEFAULT NULL,
  `payment` int DEFAULT NULL,
  `paid_date` date DEFAULT NULL,
  PRIMARY KEY (`id`)
) ENGINE=InnoDB DEFAULT CHARSET=utf8mb4 COLLATE=utf8mb4_0900_ai_ci;
/*!40101 SET character_set_client = @saved_cs_client */;

--
-- Dumping data for table `salaries`
--

LOCK TABLES `salaries` WRITE;
/*!40000 ALTER TABLE `salaries` DISABLE KEYS */;
INSERT INTO `salaries` VALUES (1,1,9829260,'2021-01-01'),(2,1,10082381,'2021-02-01'),(3,1,9942972,'2021-03-01'),(4,1,9586799,'2021-04-01'),(5,1,10878494,'2021-05-01'),(6,1,9175944,'2021-06-01'),(7,1,9632887,'2021-07-01'),(8,1,10313783,'2021-08-01'),(9,1,9507970,'2021-09-01'),(10,1,10039281,'2021-10-01'),(11,1,10415343,'2021-11-01'),(12,1,9128198,'2021-12-01'),(13,2,8291623,'2021-01-01'),(14,2,8161248,'2021-02-01'),(15,2,9905203,'2021-03-01'),(16,2,9038799,'2021-04-01'),(17,2,9124918,'2021-05-01'),(18,2,8628582,'2021-06-01'),(19,2,8951533,'2021-07-01'),(20,2,9548878,'2021-08-01'),(21,2,9988013,'2021-09-01'),(22,2,9075653,'2021-10-01'),(23,2,9875391,'2021-11-01'),(24,2,8441957,'2021-12-01'),(25,3,9438777,'2021-01-01'),(26,3,9569865,'2021-02-01'),(27,3,9296984,'2021-03-01'),(28,3,9343903,'2021-04-01'),(29,3,9298830,'2021-05-01'),(30,3,9289560,'2021-06-01'),(31,3,9860518,'2021-07-01'),(32,3,9213710,'2021-08-01'),(33,3,8387491,'2021-09-01'),(34,3,9924479,'2021-10-01'),(35,3,9553932,'2021-11-01'),(36,3,8083662,'2021-12-01'),(37,4,8215818,'2021-01-01'),(38,4,8697307,'2021-02-01'),(39,4,8040897,'2021-03-01'),(40,4,7537492,'2021-04-01'),(41,4,8135482,'2021-05-01'),(42,4,9012648,'2021-06-01'),(43,4,8774248,'2021-07-01'),(44,4,9107316,'2021-08-01'),(45,4,8373751,'2021-09-01'),(46,4,7678833,'2021-10-01'),(47,4,8250497,'2021-11-01'),(48,4,8310714,'2021-12-01'),(49,5,9189552,'2021-01-01'),(50,5,8138752,'2021-02-01'),(51,5,9327044,'2021-03-01'),(52,5,8603703,'2021-04-01'),(53,5,8692801,'2021-05-01'),(54,5,9199105,'2021-06-01'),(55,5,8297517,'2021-07-01'),(56,5,7775342,'2021-08-01'),(57,5,8297870,'2021-09-01'),(58,5,9022615,'2021-10-01'),(59,5,8210711,'2021-11-01'),(60,5,8075736,'2021-12-01'),(61,6,8353697,'2021-01-01'),(62,6,8526099,'2021-02-01'),(63,6,8591398,'2021-03-01'),(64,6,8252979,'2021-04-01'),(65,6,9126728,'2021-05-01'),(66,6,9492303,'2021-06-01'),(67,6,7748466,'2021-07-01'),(68,6,8806589,'2021-08-01'),(69,6,7636512,'2021-09-01'),(70,6,7744287,'2021-10-01'),(71,6,9221801,'2021-11-01'),(72,6,8997512,'2021-12-01'),(73,7,9378167,'2021-01-01'),(74,7,7788883,'2021-02-01'),(75,7,7908748,'2021-03-01'),(76,7,8862839,'2021-04-01'),(77,7,8768523,'2021-05-01'),(78,7,7760488,'2021-06-01'),(79,7,9101559,'2021-07-01'),(80,7,8105402,'2021-08-01'),(81,7,9346224,'2021-09-01'),(82,7,7850720,'2021-10-01'),(83,7,7945290,'2021-11-01'),(84,7,8287056,'2021-12-01'),(85,8,7715908,'2021-01-01'),(86,8,7847246,'2021-02-01'),(87,8,7674052,'2021-03-01'),(88,8,8105930,'2021-04-01'),(89,8,8891928,'2021-05-01'),(90,8,7250284,'2021-06-01'),(91,8,7437253,'2021-07-01'),(92,8,7780218,'2021-08-01'),(93,8,7501959,'2021-09-01'),(94,8,8890063,'2021-10-01'),(95,8,7456162,'2021-11-01'),(96,8,7507935,'2021-12-01'),(97,9,8760866,'2021-01-01'),(98,9,7140756,'2021-02-01'),(99,9,7106451,'2021-03-01'),(100,9,8642664,'2021-04-01'),(101,9,7495386,'2021-05-01'),(102,9,8918773,'2021-06-01'),(103,9,7882922,'2021-07-01'),(104,9,7737988,'2021-08-01'),(105,9,7057678,'2021-09-01'),(106,9,7652236,'2021-10-01'),(107,9,7707469,'2021-11-01'),(108,9,8415121,'2021-12-01'),(109,10,7328029,'2021-01-01'),(110,10,7938397,'2021-02-01'),(111,10,7648068,'2021-03-01'),(112,10,8693489,'2021-04-01'),(113,10,7771321,'2021-05-01'),(114,10,8103346,'2021-06-01'),(115,10,7764878,'2021-07-01'),(116,10,8870897,'2021-08-01'),(117,10,7380548,'2021-09-01'),(118,10,8151155,'2021-10-01'),(119,10,8519775,'2021-11-01'),(120,10,7336496,'2021-12-01'),(121,11,7147570,'2021-01-01'),(122,11,8305663,'2021-02-01'),(123,11,8445257,'2021-03-01'),(124,11,8497453,'2021-04-01'),(125,11,7896225,'2021-05-01'),(126,11,7194627,'2021-06-01'),(127,11,8090260,'2021-07-01'),(128,11,8556937,'2021-08-01'),(129,11,7801457,'2021-09-01'),(130,11,7711527,'2021-10-01'),(131,11,8730487,'2021-11-01'),(132,11,8573912,'2021-12-01'),(133,12,7578108,'2021-01-01'),(134,12,7582387,'2021-02-01'),(135,12,7254668,'2021-03-01'),(136,12,7055106,'2021-04-01'),(137,12,7008818,'2021-05-01'),(138,12,7731373,'2021-06-01'),(139,12,8752486,'2021-07-01'),(140,12,8322430,'2021-08-01'),(141,12,7723739,'2021-09-01'),(142,12,7992327,'2021-10-01'),(143,12,7356421,'2021-11-01'),(144,12,7269778,'2021-12-01'),(145,13,7096940,'2021-01-01'),(146,13,6266096,'2021-02-01'),(147,13,7700519,'2021-03-01'),(148,13,7639854,'2021-04-01'),(149,13,6885172,'2021-05-01'),(150,13,7213092,'2021-06-01'),(151,13,7959941,'2021-07-01'),(152,13,6921286,'2021-08-01'),(153,13,7720349,'2021-09-01'),(154,13,6606482,'2021-10-01'),(155,13,7219663,'2021-11-01'),(156,13,7591017,'2021-12-01'),(157,14,6346420,'2021-01-01'),(158,14,7338120,'2021-02-01'),(159,14,7676846,'2021-03-01'),(160,14,6423192,'2021-04-01'),(161,14,7692228,'2021-05-01'),(162,14,6203755,'2021-06-01'),(163,14,7091221,'2021-07-01'),(164,14,6576635,'2021-08-01'),(165,14,6994876,'2021-09-01'),(166,14,6479202,'2021-10-01'),(167,14,6835923,'2021-11-01'),(168,14,6857578,'2021-12-01'),(169,15,6266807,'2021-01-01'),(170,15,6554953,'2021-02-01'),(171,15,6890553,'2021-03-01'),(172,15,6669602,'2021-04-01'),(173,15,6836927,'2021-05-01'),(174,15,7423000,'2021-06-01'),(175,15,7980500,'2021-07-01'),(176,15,7299150,'2021-08-01'),(177,15,7943688,'2021-09-01'),(178,15,7619786,'2021-10-01'),(179,15,6965870,'2021-11-01'),(180,15,6445143,'2021-12-01'),(181,16,5675048,'2021-01-01'),(182,16,5797016,'2021-02-01'),(183,16,5079420,'2021-03-01'),(184,16,6071726,'2021-04-01'),(185,16,6091131,'2021-05-01'),(186,16,5731252,'2021-06-01'),(187,16,6622767,'2021-07-01'),(188,16,6081046,'2021-08-01'),(189,16,5073259,'2021-09-01'),(190,16,6298166,'2021-10-01'),(191,16,5022479,'2021-11-01'),(192,16,6917237,'2021-12-01'),(193,17,5269168,'2021-01-01'),(194,17,5717938,'2021-02-01'),(195,17,5313178,'2021-03-01'),(196,17,5351917,'2021-04-01'),(197,17,5418568,'2021-05-01'),(198,17,5973060,'2021-06-01'),(199,17,5129281,'2021-07-01'),(200,17,6716755,'2021-08-01'),(201,17,5567142,'2021-09-01'),(202,17,5670348,'2021-10-01'),(203,17,6561201,'2021-11-01'),(204,17,6083897,'2021-12-01'),(205,18,6594683,'2021-01-01'),(206,18,6682439,'2021-02-01'),(207,18,6106174,'2021-03-01'),(208,18,6251855,'2021-04-01'),(209,18,6906812,'2021-05-01'),(210,18,5347554,'2021-06-01'),(211,18,5443332,'2021-07-01'),(212,18,6397062,'2021-08-01'),(213,18,6797011,'2021-09-01'),(214,18,6422969,'2021-10-01'),(215,18,5896736,'2021-11-01'),(216,18,5705847,'2021-12-01');
/*!40000 ALTER TABLE `salaries` ENABLE KEYS */;
UNLOCK TABLES;

--
-- Table structure for table `stores`
--

DROP TABLE IF EXISTS `stores`;
/*!40101 SET @saved_cs_client     = @@character_set_client */;
/*!50503 SET character_set_client = utf8mb4 */;
CREATE TABLE `stores` (
  `id` int NOT NULL,
  `name` varchar(255) DEFAULT NULL,
  PRIMARY KEY (`id`)
) ENGINE=InnoDB DEFAULT CHARSET=utf8mb4 COLLATE=utf8mb4_0900_ai_ci;
/*!40101 SET character_set_client = @saved_cs_client */;

--
-- Dumping data for table `stores`
--

LOCK TABLES `stores` WRITE;
/*!40000 ALTER TABLE `stores` DISABLE KEYS */;
INSERT INTO `stores` VALUES (1,'山田商店'),(2,'酒井工業'),(3,'石井電機'),(4,'ソニックス'),(5,'中村商店'),(6,'任地堂'),(7,'スクニ―'),(8,'トイランド'),(9,'ドルチ＆ガッパーン'),(10,'石川工業');
/*!40000 ALTER TABLE `stores` ENABLE KEYS */;
UNLOCK TABLES;

--
-- Table structure for table `students`
--

DROP TABLE IF EXISTS `students`;
/*!40101 SET @saved_cs_client     = @@character_set_client */;
/*!50503 SET character_set_client = utf8mb4 */;
CREATE TABLE `students` (
  `id` int NOT NULL,
  `first_name` varchar(50) DEFAULT NULL,
  `last_name` varchar(50) DEFAULT NULL,
  `grade` int DEFAULT NULL,
  PRIMARY KEY (`id`)
) ENGINE=InnoDB DEFAULT CHARSET=utf8mb4 COLLATE=utf8mb4_0900_ai_ci;
/*!40101 SET character_set_client = @saved_cs_client */;

--
-- Dumping data for table `students`
--

LOCK TABLES `students` WRITE;
/*!40000 ALTER TABLE `students` DISABLE KEYS */;
INSERT INTO `students` VALUES (1,'太郎','清水',1),(2,'春香','山崎',1),(3,'陽一','山田',1),(4,'くみ子','山口',1),(5,'拓真','中村',1),(6,'篤司','池田',1),(7,'涼平','佐藤',1),(8,'知実','鈴木',1),(9,'直人','小林',1),(10,'零','橋本',1),(11,'京助','山口',1),(12,'篤司','森',1),(13,'健一','三浦',1),(14,'涼平','田中',1),(15,'舞','小川',1),(16,'拓真','長谷川',1),(17,'加奈','山崎',1),(18,'智也','斎藤',1),(19,'直子','加藤',1),(20,'香織','山口',1),(21,'結衣','青木',2),(22,'あすか','三浦',2),(23,'浩','木村',2),(24,'陽子','佐藤',2),(25,'淳','岡本',2),(26,'花子','山崎',2),(27,'淳','石川',2),(28,'稔','松田',2),(29,'充','斎藤',2),(30,'充','加藤',2),(31,'知実','村上',2),(32,'裕樹','鈴木',2),(33,'健一','高橋',2),(34,'知実','高橋',2),(35,'七夏','斎藤',2),(36,'修平','斉藤',2),(37,'聡太郎','松田',2),(38,'学','井上',2),(39,'くみ子','高橋',2),(40,'七夏','渡辺',2),(41,'洋介','渡辺',3),(42,'幹','佐々木',3),(43,'晃','佐藤',3),(44,'花子','吉田',3),(45,'浩','松田',3),(46,'修平','斉藤',3),(47,'翔太','山本',3),(48,'裕樹','長谷川',3),(49,'くみ子','鈴木',3),(50,'拓真','福田',3),(51,'春香','渡辺',3),(52,'零','井上',3),(53,'治','田中',3),(54,'あすか','鈴木',3),(55,'直人','田中',3),(56,'くみ子','田中',3),(57,'直樹','松本',3),(58,'美加子','吉田',3),(59,'太一','近藤',3),(60,'淳','小林',3),(61,'幹','太田',4),(62,'涼平','山本',4),(63,'健一','近藤',4),(64,'充','高橋',4),(65,'春香','林',4),(66,'翔太','松本',4),(67,'花子','田中',4),(68,'京助','小林',4),(69,'拓真','吉田',4),(70,'聡太郎','福田',4),(71,'直人','遠藤',4),(72,'涼平','清水',4),(73,'陽一','伊藤',4),(74,'京助','坂本',4),(75,'さゆり','前田',4),(76,'幹','山下',4),(77,'翔太','石井',4),(78,'直子','池田',4),(79,'聡太郎','山田',4),(80,'さゆり','斉藤',4);
/*!40000 ALTER TABLE `students` ENABLE KEYS */;
UNLOCK TABLES;

--
-- Table structure for table `users`
--

DROP TABLE IF EXISTS `users`;
/*!40101 SET @saved_cs_client     = @@character_set_client */;
/*!50503 SET character_set_client = utf8mb4 */;
CREATE TABLE `users` (
  `id` int NOT NULL,
  `first_name` varchar(50) DEFAULT NULL,
  `last_name` varchar(50) DEFAULT NULL,
  PRIMARY KEY (`id`)
) ENGINE=InnoDB DEFAULT CHARSET=utf8mb4 COLLATE=utf8mb4_0900_ai_ci;
/*!40101 SET character_set_client = @saved_cs_client */;

--
-- Dumping data for table `users`
--

LOCK TABLES `users` WRITE;
/*!40000 ALTER TABLE `users` DISABLE KEYS */;
INSERT INTO `users` VALUES (1,'太郎','清水'),(2,'春香','山崎'),(3,'陽一','山田'),(4,'くみ子','山口'),(5,'拓真','中村'),(6,'篤司','池田'),(7,'涼平','佐藤'),(8,'知実','鈴木'),(9,'涼平','田中'),(10,'拓真','長谷川'),(11,'加奈','山崎'),(12,'智也','斎藤'),(13,'陽子','佐藤'),(14,'淳','岡本'),(15,'花子','山崎'),(16,'淳','石川'),(17,'稔','松田'),(18,'充','斎藤'),(19,'充','加藤'),(20,'知実','村上'),(21,'裕樹','鈴木'),(22,'健一','高橋'),(23,'くみ子','高橋'),(24,'七夏','渡辺'),(25,'洋介','渡辺'),(26,'幹','佐々木'),(27,'晃','佐藤'),(28,'花子','吉田'),(29,'浩','松田'),(30,'修平','斉藤'),(31,'翔太','山本'),(32,'裕樹','長谷川'),(33,'くみ子','鈴木'),(34,'あすか','鈴木'),(35,'直人','田中'),(36,'くみ子','田中'),(37,'直樹','松本'),(38,'美加子','吉田'),(39,'太一','近藤'),(40,'淳','小林'),(41,'幹','太田'),(42,'涼平','山本'),(43,'翔太','松本'),(44,'花子','田中'),(45,'京助','小林'),(46,'拓真','吉田'),(47,'聡太郎','福田'),(48,'直人','遠藤'),(49,'涼平','清水'),(50,'陽一','伊藤'),(51,'聡太郎','山田'),(52,'さゆり','斉藤');
/*!40000 ALTER TABLE `users` ENABLE KEYS */;
UNLOCK TABLES;